user_1,2024-12-11 01:31:16,Name,Date,Time
user_1,2024-12-17 21:24:42,,,
user_1,2024-12-17 21:42:18,,,
,,w,2024-12-17,21:48:07
,,w,2024-12-17,21:48:29
,,w,2024-12-17,21:58:26
,,w,2024-12-17,21:59:28
,,w,2024-12-17,22:05:16
,,user1,2024-12-17,22:08:07
,,user1,2024-12-18,00:16:58
,,Vigyat Bhat,2024-12-18,00:20:41
,,Vigyat Bhat,2024-12-18,00:34:30
,,Vigyat Bhat,2024-12-18,00:43:42
,,w,2024-12-18,00:49:17
,,w,2024-12-18,00:51:02
,,w,2024-12-18,00:54:12
,,Vigyat Bhat,2024-12-18,00:56:18
,,user1,2024-12-29,22:41:22
,,Vigyat Bhat,2024-12-29,22:43:03
,,Vigyat Bhat,2024-12-29,22:51:26
,,Vigyat Bhat,2024-12-29,22:53:00
,,w,2024-12-29,22:55:48
,,Vigyat Bhat,2024-12-29,23:00:05
,,user1,2024-12-29,23:01:10
,,Vigyat Bhat,2024-12-29,23:05:25
,,user1,2024-12-29,23:08:15
,,Vigyat,2024-12-29,23:12:18
,,w,2024-12-29,23:13:50
,,w,2024-12-29,23:14:53
,,w,2024-12-29,23:30:11
,,w,2024-12-29,23:41:07
,,w,2024-12-29,23:51:05
,,w,2024-12-29,23:51:45
,,w,2024-12-29,23:53:35
,,w,2024-12-29,23:54:37
,,w,2024-12-29,23:55:36
,,w,2024-12-30,00:04:17
,,user1,2024-12-30,02:40:46
,,w,2024-12-30,03:21:19
,,user1,2024-12-30,03:24:26
,,vbl,2024-12-30,03:25:35
,,vbl,2024-12-30,03:26:22
,,vbl,2024-12-30,03:26:43
,,vbl,2024-12-30,03:28:33
,,vbl,2024-12-30,03:28:55
,,vbl,2024-12-30,03:32:37
,,vbl,2024-12-30,19:43:10
